á = > ā
Agents => Aģents
akalpojuma => pakalpojuma
akalpojuma => Pakalpojuma
Apmaksat => Apmaksāt
Artürs => Artūrs
astondesmit => astoņdesmit
astoni => astoņi
aston! => astoņi
Aj => A/s
AS SEN banka => AS SEB banka
atdzeséta => atdezesēta
atdzesétai => atdezesētai
atdzesétas => atdezesētas
avadzime => Pavadzīme
avéjumu => kavējumu
Baltig => Baltic
brollera => broilera
CALIS => CĀLIS
càlis => cālis
càlis, => cālis
cális, => cālis
Ceturdajas => Ceturdaļas
ceturtdajas => ceturdaļas
Cienījamaiss => Cienījamais
Cienijamai => Cienījamais
Cienijamais => Cienījamais
Cienijameis => Cienījamais
Darijuma => Darījuma
darijums => darījums
Darrjuma => Darījuma
Dau => Daudzums
Daudz => Daudzums
derigs => derīgs
devindesmit => deviņdesmit
devini => deviņi
dok => dokumenta
dokument => dokumenta
dokumentà => dokumentā
dstuns => datums
e pasts => e-pasts
éetri => četri
Fileja => Fileja
gajai => gaļai
gajal => gaļai
gala => gaļa
galai => gaļai
galal => gaļai
glabatuve => glabātuve
Gram reg Nr => Grām.reģ.Nr.
Grámatvedibus => Gramatvedības
HABALV? => HABALV22
iecdesmit => piecdesmit
iegadatajs => piegādātājs
lenáko£ás => Ienākošās
Iidz => līdz
Inumurs => numurs
ipartijas => partijas
izvesana => izvešana
izveSana => izvešana
Hlietot => Izlietot
Usniegianas => Izsniegšanas
IzsnicgSanas => Izsniegšanas
Izsniedzazz => Izsniedza
Izsniegganas => Izsniegšanas
IzsniegSanas => Izsniegšanas
jepakojuma => iepakojuma
jnumurs => numurs
jputnu => putnu
Juridiska => Juridiskā
Juridiskà => Juridiskā
Jünijs => Jūnijs
jünijs => Jūnijs
Jünljs => Jūnijs
kakl => kakli
kategorij => kategorijas
kategorljas => kategorijas
kavéjumu => kavējumu
Kirsis => Ķirsis
Ke => kg
Kopa => Kopā
kopa => Kopā
Kops => Kopā
Kopà => Kopā
kopà => Kopā
Kopá => Kopā
kopá => kopā
ksajuma => maksājuma
Kungji => Kunģi
Kuriu => Kuršu
Kurta => Kuršu
Latvlja => Latvija
lela => iela
lenákosás => Ienākošās
lepakojuma => Iepakojuma
Liepaja => Liepāja
Liepja => Liepāja
Liepája => Liepāja
helas => lielās
lidz => līdz
Ligums => Līgums
Lubanas => Lubānas
Infoticpetertirgus Iv => info@petertirgus.lv
lzsniegganas => Izsniegšanas
lzsniegSanas => Izsniegšanas
lzsniegsanas => Izsniegšanas
mails => maijs
maljs => maijs
maijà => maijā
majpu => mājputnu
majputnu => mājputnu
maputnu => mājputnu
maksajuma => maksājuma
maksataja => maksātāja
maksdjuma => maksājuma
maksàjuma => maksājuma
maksátàja => maksātaja
màjputnu => mājputnu
májputnu => mājputnu
méjputnu => mājputnu
māputnu => mājputnu
markéjuma => marķējuma
Mérv => Mērv
nakoSais => nākošais
Nodiokl => nodoklis
Nodoklu => Nodokļu
Nonta => Konta
noradita => norādītā
NorBkinu => Norēķinu
Norgkinu => Norēķinu
norádit => norādīt
Norékinu => Norēķinu
nosacij => nosacījumi
nosaciju => nosacījumi
nosacijumi => nosacījumi
nosad => nosacījumi
papildinformacija => papildinformācija
Papildinformacija => papildinformācija
PPakalpojuma => Pakalpojuma
pàárdosana => pārdošana
pardosana => pārdošana
Pardosana => Pārdošana
pardoSana => pārdošana
Parskaitijums => Pārskaitījums
Parskaltijums => Pārskaitījums
pasütijums => pasūtījums
PPavadzīme => Pavadzīme
Pavadzime => Pavadzīme
Pétertirgus => Pētertirgus
Pétertirgus => Pētertirgus
Picci => Pieci
Ppiegādātājs => Piegādātājs
Piegadatajs => Piegādātājs
Piegadātājs => Piegādātājs
Piegadata => Piegādātājs
Piegadatajs =>  Piegādātājs
Piegaàdàtà j => Piegadātājs
Piegades => Piegādes
Piegadà => Piegādātājs
Piegádes => Piegādes
Piepadata => Piegādātājs
Pievienotas => Pievienotās
Pievienotàs => Pievienotās
piezimes => piezīmes
pircéjam => pircējam
legadata]s => Piegādātājs
Pre£u => Preču
Prečuu => Preču
Precu => Preču
Pregu => Preču
Pret => Preču
Pretu => Preču
pretu => Preču
Preéu => Preču
procu => Preču
proileru => broileru
PEN tes ne => PVN reģ. nr.
PVD => PVD
pVN => PVN
pyN => PVN
puN => PVN
pu tdiskd adrese => juridiskā adrese
puw => PVN
pytnu => putnu
Pàrskaitijums => Pārskaitījums
Párskaltijums => Pārskaitījums
Párskaitijums => Pārskaitījums
neg => Reģ
repistideijus => reģistrācijas
rekviziti => rekvizīti
rekvizti => rekvizīti
Rekins => Rēķins
Riga => Rīga
Romans => Romāns
Saimnieciska => Saimnieciskā
sadarbib => sadarbības 
sadarbibas => sadarbības
Sakomplektéja => Sakomplektēja
Sakomplektéjà => Sakomplektēja
Sakomplektója => Sakomplektēja
sald => saldētas
saldatas => saldētas
saldetas => saldētas
saldéta => saldētas
saldétai => saldētas
saldétal => saldētas
saldétas => saldētas
saldētasétas => saldētas
saldéti => saldēti
Sanemanas => Saņemšanas
Sanemganas => Saņemšanas
Sanemianas => Saņemšanas
SanemSanas => Saņemšanas
sanemSanas => saņemšanas
Sanemsanas => Saņemšanas
Sané => Saņēmējs
Sanémejs => Saņēmējs
sanémájs => Saņēmējs
Sanéméjs => Saņēmējs
Savéenko => Savčenko
sedesmit => sešdesmit
septindesmit => septiņdesmit
septini => septiņi
sesi => seši
Sesi => Seši
SIA => SIA
Silini => Siliņi
silini => siliņi
sinfti => simti
skatit => skatīt
Skarnis => Skārnis
slegts => slēgts
slégts => slēgts
sniegSanas => sniegšanas
sniexsana => sniegšana
sniegsanas => Izsniegšanas
sütijums => pasūtijums
Swedhank 48 => Swedbank A/S
tlr => tālr
tela => ielā
termi => termiņa
termiņan$ => termiņš
termiņans => termiņš
termina => termiņa
terming => termiņš
termins => termiņš
tiepaja => Liepāja 
tidz => līdz
titaru => tītaru
transportdzekla => transportlīdzekļa
Transportiidzekla => Transportlīdzekļa
tris => trīs
tükstotis => tūkstotis
UN|A => UNLA
uridiskà => Juridiskā
Uzglabasanas => Uzglabāšanas
uzglabasanas => uzglabāšanas
UzglabaSanas => Uzglabāšanas
uzglabaSanas => uzglabāšanas
uzglabásanas => uzglabāšanas
Uzglabásanas => Uzglabāšanas
uzvards => uzvārds
uzvàrds => uzvārds
vardiem => vārdiem
Viskaju => Viskaļu
Viskalu => Viskaļu
vértibas => vērtības
zesétai => atdzesētai
átri => ātri
Wr => Nr
Norēķinurekvimti => Norēķinu rekvizīti
:;lzt;u iela 220 => Peldu iela 22a
darijuma => darījuma
HUNLALVX => UNLALV2X
saskand => saskaņā
clektroenergiju => elektroenerģiju
elekiroenergiju => elektroenerģiju
elektroenergiju => elektroenerģiju
kopl => kopā
mdrese => adrese
Nwedbank => Swedbank
PEN => PVN
PEN kods => PVN kods
PEN rege ne => PVN reģ.nr.
Kurt => Kuršu
rege => reģ.
Re£. => Reģ.
Rékins => Rēķins
Rékinu => Rēķinu
RĒĶINS => RĒĶINS
ROB. => Reģ.
Saimnieciskà => Saimnieciskā
sanemójs => saņēmējs
Saskaná => Saskaņā
Smlltene => Smiltene
snicgsana => sniegšana
sniegšanas => sniegšanas
UNLALVZA => UNLALV2X
xeents => Aģents
1V => LV